Артикул,Наименование,Цена без скидки,Цена со скидкой,Было куплено
13246816,"Развивающий игровой набор ""Кубики город""",3300,1848,70
10625966,Деревянные игрушки. Кубики цветные 20 шт.,804,353,4100
2654974,Читаю легко. Деревянные кубики со слогами для обучения чтению детей от 3 до 7 лет,5990,5990,3400
12276681,"Кубики ""Занимательные Буквы"" 42 шт.",2399,1055,200
13695799,Развивающие мягкие кубики IQ+ (12 шт) / Игрушки развивающие для малышей/Подарок для детей,3350,1076,4600
10625973,"Кубики ""Транспорт"" 9 шт.",720,316,800
10625968,"Кубики ""Животные"" 4 шт.",485,213,2200
18199378,"Развивающая игрушка, кубики для малышей, Бизикубик Кто Что Ест мягкий кубик в подарок 0+",1888,708,20
9957207,Набор кубиков Дикие животные/ Кубики/ Кубики детские/ Деревянные кубики/ Настольные игры для детей,700,336,800
17354896,Кубики Зайцева собранные. Пособие + CD + таблица. Методика обучения чтению Н. Зайцева,10900,5450,100
10625962,"Кубики 12 шт. ""Алфавит"" русский",669,294,500
10625975,"Кубики ""Домашние животные"" 9 шт.",720,316,500
5780126,"Мягкие кубики ""Мякиши"" (Азбука в картинках)",461,368,3200
16752941,Развивающие мягкие кубики IQ Basic (12 шт) / Игрушки развивающие для малышей/Подарок для детей,3350,1076,100
9652461,Умные кубики/ Кубики/ Кубики детские/ Деревянные кубики/ Учимся считать/ Математические игры,3030,1575,2300
8296555,"Набор мини-кубиков, 20 шт.",391,341,2100
5512465,"Игра развивающая ""Сложи узор"" серия игр Б. П.Никитина",710,607,9300
8707993,"Мягкие кубики ""Три Кота"" (Алфавит)",707,452,7100
10625974,"Кубики ""Герои сказок"" 9 шт.",720,316,400
18472241,Тактильные игрушки мячики шарики /сенсорные мягкие кубики монтессори «Животные»/ Игрушки для ванной,1490,685,10
7625164,Кубики цветные,549,351,700
5780141,"Мягкие кубики ""Мякиши"" (Сказки в картинках)",692,435,8600
14574075,Детские деревянные кубики. Ассоциации №2. 12 кубиков из натуральной отечественной сосны,549,356,1700
10204626,Умные кубики  в поддончике. 12 штук. Читаем по слогам,275,206,5000
5780134,Развивающий кубик для самых маленьких с зеркалом и прорезывателем Сова.,738,553,8200
8296563,"Набор кубиков ""Башня"" средний",714,484,1100
14079934,Магнитный Кубик Рубика 3х3 GAN 354 V2 Magnetic ,3750,2812,200
13929454,"Пластмассовые кубики ""Сложи узор"" развивающая игра по методике Никитина (Корвет)",979,604,1000
9863132,Кубики пластиковые  9 шт. ДОМАШНИЕ ЖИВОТНЫЕ .,203,157,300
17333695,"Кубики, кубики детские ""Азбука малыш"" 9 деталей пластмассовый",255,195,50
11011679,Игрушка развивающая Кубики,818,418,2300
5855840,"Развивающий набор шнуровка ""Собери транспорт""",750,562,1200
18168001,Кубик рубик AJ PRO1200,1400,243,30
10401516,"Умные кубики в поддончике (Лесные животные, В жаркой Африке, Игрушки)",360,252,4000
10182317,"Кубики деревянные на оси ""Кто где живет и что ест?"" (3 кубика)",260,260,200
8707994,"Мягкие кубики ""Три Кота"" (Математика), 6 шт. кубик размером 10*10 см",769,384,2200
14039971,"Умные кубики в поддончике (Мы едем на машинках, Мы летим, летим, летим)",360,270,100
7550644,"Азбука, цифры, знаки. Набор кубиков для изучения алфавита, цифр и занятий словообразованием. 16 шт",699,265,1700
9652462,Кубики Русский алфавит с тиснением/ Кубики/ Кубики детские/ Деревянные кубики/ Игровой набор,2200,902,800
14574074,Детские деревянные кубики. Ассоциации №1. 12 кубиков из натуральной отечественной сосны,549,356,1400
7276683,Набор Кубики 16 шт.,790,286,1000
702113,"Кубики ""Домики""",430,387,40
10094658,Умные кубики  в поддончике (длинные). 12 штук. Едем с ветерком,319,187,1700
17131701,Кубик Рубика 3X3 Warrior S,550,330,90
6469896,Кубики (большой  набор)/ Кубики/ Кубики детские/ Деревянные кубики/ Игровой набор,1700,816,1300
7550645,На ферме. Набор кубиков. 16 шт,569,341,3700
16636173,Кубик рубик PRO1000,999,615,100
10401515,"Умные кубики в поддончике (Домашние животные, Транспорт, Зоопарк)",360,252,3000
11378048,"Умные кубики  в поддончике (Важные машины, Моя половинка)",360,270,2000
17016500,Кубик Рубика,1400,515,100
17305100,Головоломка-скьюб MoFangGe X-Man Wingy Skewb,1700,510,20
5840585,"Мягкие  кубики ""Малышарики"" (Предметики)",696,424,6600
17305099,Головоломка-скваер MoFangGe X-Man Volt Square-1,1200,360,20
11393634,Кубики и дощечки деревянные.,2070,621,60
11180417,"Набор кубиков ""Большая стройка"" ",1319,959,30
7877683,"Деревянные Радужные блоки со звуком, в контейнере",2960,2088,200
11246897," Мягкие кубики ""Мякиши"" (Английский алфавит)",461,368,1100
14079936,Неокуб стальной,1900,783,10
9715763,Развивающие деревянные кубики Никитина Сложи Узор от Семьи Никитиных,1779,1334,300
5840587,"Мягкие кубики ""Малышарики"" (Азбука)",696,396,5200
14537769,"Набор деревянных кубиков ""Буквы и цифры"" 70 шт.",2100,1995,100
12967138,"Игрушка ""Мякиши"" развивающий кубик (Зайка Банни)",702,561,400
12402971,Кубики пластмассовые для детей в наборе 16 шт,630,425,100
5512469,"Игра развивающая ""Сложи узор"" серия игр П. Б. Никитина",585,516,3200
18042769,Развивающие мягкие кубики (12 шт) / прорезыватели / грызунки для малышей / подарок для детей,2490,1120,10
14079933,Магнитный кубик Рубика 3х3 MoFangGe Thunderclap V3 Magnetic,1750,700,80
13708364,Головоломка Кубик Рубика 4x4,1320,491,200
11300982,Кубики,352,126,60
5203922,"Развивающая деревянная шнуровка для детей ""Азбука""/Учим буквы",3018,928,700
13455682,Кубик Рубика 3х3 MoFangGe Warrior S,820,328,200
10883118,"Набор ""Большие кубики"" 1/12",813,646,40
5642966,Набор развивающих деревянных кубиков для детей/Конструктор/Учим цвета,1047,384,4700
17322611,IQubik / Тактильные мягкие кубики (12 шт) / Развивающие игрушки / Прорезыватель,2700,1120,60
7276678,Набор Кубики 16 шт.,770,290,900
12402970,Кубики пластмассовые для детей в наборе 12 дет.,600,318,200
17963258,Развивающие мягкие кубики 12 штук / подарок для детей / Развивающие игрушки,2800,1120,20
15829773,Кубик рубика головоломка кубики рубики.,549,246,60
9847034,"Кубики деревянные ""Цифры"" 12 шт (Цв.цифры на неокр. кубиках)",320,320,100
12152466,Развивающие деревянные  кубики Никитина Уникуб от Семьи Никитных,1899,1224,40
5780133,"Развивающий кубик для самых маленьких с зеркалом и прорезывателем Слон, Мякиши",703,527,1600
10281874,Умные кубики. Силуэты. 50 игр для развития интеллекта,420,272,800
14079930,Магнитный кубик Рубика 3х3 YuXin Kylin V2 Magnetic,1400,700,70
15717123,"Настольная игра деревянные развивающие кубики ""Эмоции"" пазл с карточками заданиями сортер",1650,693,40
13708365,Головоломка Кубик Рубика 2x2,1100,389,300
7550651,Овощи-фрукты. Детские деревянные кубики. 16 кубиков из натуральной отечественной сосны,569,216,1900
17083082,Мякиши кубики Сказки в картинках,1000,600,6
12395869,"Кубики деревянные ""Цветные буквы"" 12 шт (Цв.буквы с эффектом объема на неокр. кубиках)",320,320,80
12490371,"Мягкие кубики ""Мякиши"" (Мама и малыш)",307,230,300
13116383,Набор разноцветных деревянных кубиков 39 шт.,1320,1320,100
18999599,Логическая игрушка Головоломка Кубик Рубика,577,115,30
11300983,Кубики Народы мира,381,128,90
12097336,"Кубики деревянные ""Классика"" 12 шт (5 цв.)",375,375,100
17864044,Набор развивающих кубиков 12 штук,1999,999,6
6469895,"Кубики (средний  набор, 25шт)/ Кубики/ Кубики детские/ Деревянные кубики/ Игровой набор",1380,648,200
18330690,Кубик Рубика ассиметричный 3х3,550,327,60
7276681,Набор Кубики 9 шт.,590,218,700
11906313,"Конструктор деревянный ""Развиваемся вместе"" 30 кубиков, 17,5х10 см",438,267,400
6372995,"Игрушка развивающая ПВХ Умные кубики, 6 шт",729,568,100
15677945,Змейка Рубика LanLan Rainbow (24 блока),700,455,40
7889306,"Кубики деревянные на оси ""Часть и целое"" ",260,260,300
13153914,Азбука и цифры. Деревянные кубики и плашки. 24 эл-та,649,246,200
12967140,"Игрушка ""Мякиши"" развивающий кубик (Оленёнок Бемби)",702,561,300
7556759,Игрушка развивающая Fisher-Price Мой первый кубик,1119,895,300
7050131,Кубики,764,466,1700
7550646,Набор кубиков. В зоопарке. 16 шт,569,216,2100
9066592,"Логическая игра ""Фиксики"" головоломка",340,255,100
16278120,Кубик деревянный Minecraft Майнкрафт 4шт,540,340,20
14574076,Детские деревянные кубики. Азбука. Цифры. Знаки. 12 кубиков из натурального отечественной сосны,549,247,300
8798742,"Логическая игра ""Кубик""",300,195,100
15677946,Змейка Рубика MoYu MoFangJiaoShi (24 блока),600,330,30
16391749,Головоломка Кубик Рубика 3х3 с таймером/ Логическая игра/ Головоломка,890,489,10
14109158,Мягкие кубики для малышей Мякиши Три кота Математика 6 штук (Учим цифры и цвета),838,544,100
16278121,Кубик деревянный Minecraft Майнкрафт 4шт,540,340,10
10204625,Умные кубики. Фигурные 10 шт. Весёлые котики,275,173,400
6187395,Кубики-азбука 30 дет. в дер. коробке,935,832,1200
9957208,Набор кубиков Угадай кто?/ Кубики/ Кубики детские/ Деревянные кубики/ Игровой набор,700,336,400
12490369,"Мягкие  кубики ""Мякиши"" (Кто что ест)",307,230,200
5855839,"Развивающий набор шнуровка ""Собери ферму""",750,600,1600
7276652,Кубики Азбука 36 элементов,740,291,500
10625970,"Развивающие игрушки Кубики ""Игрушки"" 4 шт.",485,213,600
11300980,"Кубики с картинками ""Игрушки""",332,119,100
2623001,Набор из 12-и кубиков Маша и медведь,260,208,2000
2803298,"Кубики ""Ферма""",1620,891,300
18330689,Кубик Рубика ассиметричный 3х3,550,327,50
11717650,Кубики Башня Ферма,1290,1290,30
13708366,Логическая игра головоломка кубик Рубика 3x3x3 цилиндр,1000,360,100
18992902,Кубики,459,344,6
15775003,Кубики деревянные.,1890,1323,10
17083089,Развивающий  музыкальный кубик- раскладушка.,1935,677,6
18450187,"Умные кубики в поддончике (Лисичка-сестричка, Мама и малыш, Половинки)",330,231,20
12967137,"Игрушка ""Мякиши"" развивающий кубик (Котёнок Кекс)",702,400,200
9863140,Кубики пластиковые  12 шт. в коробке. АЗБУКА.,256,198,1200
11300973,Кубики в картинках Персонажи сказок,511,183,80
13455674,Магнитный кубик Рубика 3х3 YJ YuLong V2 Magnetic,1600,800,100
10094661,"Умные кубики  в поддончике. 12 штук. Играем, читаем, считаем",250,174,100
5642967,"Деревянный конструктор ""Кирпичики""/Набор кубиков из дерева, 12 деталей",997,343,1900
7877684,"Деревянные Радужные блоки со звуком ""Чудеса""",2080,1122,100
13551467,Кубики в картинках Дюймовочка,566,181,10
14039970,Умные кубики. Фигурные (Мой малыш; Кто живёт в зоопарке?),350,280,100
13243075,Головоломка Кубик Рубика,1000,360,200
4343000,"Набор кубиков ""Первая математика"" (кубик 7х7 см)",655,432,400
5512472,"Игра развивающая ""Умный ход""",560,468,300
15829774,Кубик рубика головоломка кубики рубики.,549,246,90
18199425,"Кубики для малышей, развивающая игрушка в подарок, Бизикубик Зайчик, мягкие кубики детские 0+",2054,770,6
12402974,"Кубики пластмассовые для детей в наборе ""Кубики"" 8 дет.",280,214,200
17333682,"Кубики, кубики детские ""Азбука"" 16 деталей пластмассовый",870,508,20
7050154,Кубики,719,431,1100
18652111,Магнитный кубик Рубика 2х2 MS,1040,572,1
10281873,Умные кубики  в поддончике. 12 штук. Учимся читать,275,173,200
17016501,Кубик Рубика,1390,465,90
18155422,Развивающие мягкие кубики / Игрушки развивающие для малышей / Подарок для детей,3370,1128,6
9847032,"Кубики ""Буквы"" 12 шт",320,320,200
18537722,Головоломка/кубик рубика,480,240,30
15001939,Кубики Транспорт для малыша (9 куб),390,228,40
16856430,"Кубики логопедические ""Я учусь говорить""",899,629,10
6183212,Кубики-азбука 16 дет.,447,447,800
4747925,"Игровой набор деревянный ""ГОРОД""",1826,1497,900
14039969,Умные кубики в поддончике (Кто как говорит? Что как звучит? Кто на чем мчится?),330,264,100
2623000,Набор из 9-и кубиков Маша и медведь,210,157,1400
12967141,"Игрушка ""Мякиши"" развивающий кубик (Лисичка Апельсинка)",702,561,200
11393638,Дощечки деревянные.,1490,447,1
14366985,Мягкие кубики для малышей Мякиши Сказки в картинках 6 кубиков по 10 см,849,551,60
18210201,Набор из 12 тактильных кубиков для развития малыша,1859,1264,6
18168000,Кубик рубик AJ PRO1100,1300,496,10
7550650,Герои сказок. Набор кубиков. 16 шт,569,216,1000
11924491,"Развивающие игрушки Томик Кубики 12 шт. ""Алфавит"" английский",669,294,200
11717651,Кубики Башня Животные Мира,1290,1290,20
15970907,"Кубики деревянные цветные Shishka-toys, 12 шт.",735,275,6
13478115,"Мягкие кубики для малышей Мякиши Птицы. Собери картинку 4 шт (Учим названия птиц, собираем картинку)",543,317,200
7550647,Набор кубиков ТРАНСПОРТ,569,216,1000
10182320,"Кубики деревянные на оси ""Учим цвета и формы"" (3 кубика)",260,215,90
11136856,Умные кубики. Контуры. 50 игр для развития интеллекта,420,336,400
11924493,"Развивающие игрушки Томик Кубики ""Веселая азбука"" 12 шт.",938,412,200
12967139,"Игрушка ""Мякиши"" развивающий кубик (Единорог Лайк)",702,561,100
12490370,"Мягкие кубики ""Мякиши"" (Найди пару)",307,230,100
15718666,"Набор мягких кубиков, 8 см",2100,945,20
6518894,"Альбом ""Разноцветный мир1"" от 1,5 до 3 лет",320,297,1000
7231740,"Алфавит и рисунок, 15 шт.",378,378,500
6518895,"Альбом ""Разноцветный мир""2 от 3 лет",320,288,900
16610203,Новый Год. Набор кубиков. 16 шт,569,216,200
10625969,"Развивающие игрушки Томик Кубики ""Фрукты-ягоды"" 4 шт.",485,213,400
5512470,"Игра развивающая ""Уникуб"" серия игр П. Б. Никитина",590,477,300
10094660,Умные кубики  в поддончике (длинные). 12 штук. Плывём по волнам,290,187,300
6518892,"Игра развивающая ""Кирпичики""",360,334,300
18992901,Кубики,459,344,1
12395867,"Кубики деревянные ""Алфавит"" 12 шт (Черные буквы на неокр. кубиках)",320,320,100
15775004,Кубики и дощечки деревянные.,1890,1134,6
14079929,Магнитный Кубик Рубика 3х3 Xiaomi Giiker Super Cube i3S (v2),3990,2992,20
7855277,Набор из 24 кубиков,877,543,500
18815428,Развивающие деревянные  кубики Никитина  Кубики для всех  от Семьи Никитиных в картонной коробке,1679,1679,1
10092143,"Кубики ""Микс"" (12 шт.)",189,189,40
10505025,"Умные кубики  в поддончике (Волшебные сказки, Русские сказки)",330,264,100
12985284,Кубик Рубика,507,263,100
18155421,Развивающие мягкие кубики / Игрушки развивающие для малышей / Подарок для детей,3370,1128,6
7276682,Набор Кубики 12 шт.,680,268,800
9823416,"Кубики с картинками ""Переодевалки""",382,137,100
16549681,Кубик Рубика 2х2,490,269,40
10094659,Умные кубики  в поддончике (длинные). 12 штук. Летим над облаками,319,187,300
11300981,Кубики Потешные зверушки,332,106,100
10401521,"Умные кубики  в поддончике (Весёлая Африка, Пушистики)",420,336,400
13719660,Мягкие кубики для малышей Мякиши Собери картинку Домашние Животные 4 кубика (Учим названия животных),575,460,100
10505024,Умные кубики. Орнаменты. 50 игр для развития интеллекта,420,336,400
10960415,Умные кубики  в поддончике. 12 штук. Учимся считать,275,173,100
12967136,"Игрушка ""Мякиши"" развивающий кубик (Мишка Барни)",702,561,60
9497514,Времена года. Время дня. Ассоциации. Пазл.  16 деревянных кубиков из отечественной сосны для детей,599,227,600
13688489,Умные кубики в поддончике (длинные). 12 штук. Мчимся на машинах,319,223,90
12386467,Кубики пластиковые 9 шт. РУССКИЕ СКАЗКИ,210,162,400
14539118,Магнитный кубик Рубика 2х2 MoFangGe MS Magnetic,1000,650,20
10505026,Умные кубики. Фигурные (3 набора в 1),550,440,100
16278118,Кубик деревянный Minecraft Майнкрафт 4шт,540,340,10
2111700,"Деревянные кубики  ""Учим цвета""",308,308,1000
16375115,Головоломка Кубик Рубика 3х3/Логическая игра/MoYu,592,390,6
1894352,Кубики-пазлы,1540,1232,60
11300974,Кубики в картинках Буратино,566,203,60
14539121,Магнитный кубик Рубика 5х5 MoFangGe MS Magnetic,2000,1000,10
11232832,Кубики выдувные с картинками 6  штук. Математика.,275,150,30
14182513,Логическая игра головоломка Кубик Рубика,1300,637,30
9846431,"Игрушка деревянная ""Кубики-пазлы""",1123,729,200
12967135,"Игрушка ""Мякиши"" развивающий кубик (Цыплёнок Бро)",702,561,100
18785620,Кубик рубика головоломка кубики рубики.,549,307,6
11300984,Кубики Профессии,404,129,100
14551903,Магнитный кубик Рубика 5х5 MoYu MFJS MeiLong Magnetic,1600,960,10
17186859,"Кубики деревянные ""Кубики для умников. Учим алфавит"" 12 шт (белые)",395,395,40
18199414,Мягкие Кубики для малышей Развивающая игрушка бизикубик Найди тень Кубики детские 0+ в подарок,1888,708,1
13369617,"Мягкие кубики ""Цифры"", со свистулькой, Медвежонок Винни и его друзья, р-р. 7*7см, для купания",275,233,6
15732843,Деревянные неокрашенные кубики в пенале 12 шт.,1252,699,10
17186861,"Кубики деревянные на оси ""Учим профессии"" (3 кубика)",260,260,20
8574290,"Кубики, 6 шт.",2303,783,100
8947241,"Логическая игра ""Змейка""",210,157,400
10092145,"Кубики ""Овощи"" (6 шт.)",141,141,100
11136857,"Умные кубики. Уши, лапы и хвосты. 50 игр для развития интеллекта",420,272,200
9823415,Кубики в картинках,340,122,300
10092142,"Кубики ""Лесные животные"" (12 шт.)",189,189,100
15492538,"Деревянные кубики ""Эмоции""/Развивающая игра для детей",2200,770,6
17860787,Набор развивающих кубиков 6 шт.,1499,719,6
11620952,"Развивающая игра ""Кубики для всех №5 Загадка""",384,230,60
4374431,"Транспорт. ""Нескучный кубик"" для развития интеллекта (2 кубика)",319,178,600
12504211,"Кубики деревянные ""Животные фермы"", набор 4 шт.",344,222,100
5512471,"Игра развивающая ""Кубики для всех"" серия игр П. Б. Никитина",580,512,500
7889311,"Кубики деревянные на оси ""Цвет"" (3 кубика)",260,260,100
11924492,Цифры 12 шт.,669,294,40
6518896,"Альбом ""Разноцветный мир "" от 4 лет",320,201,200
12632489,Кубики пластиковые 9 шт  БУКВЫ,197,157,100
15272455,"Кубики ""Новый Год"" 4 шт.",257,177,200
17912726,Кубик рубика игрушка головоломка,490,208,6
9066591,"Логическая игра ""Змейка""",240,156,400
13240394,"Мягкие кубики для малышей Мякиши ""Азбука в картинках"" 6 кубиков 8см (учим буквы и алфавит)",850,535,100
14383799,Мягкие кубики Учим алфавит 6 шт 10х10см,875,700,10
8296562,"Набор кубиков ""Башня"" малый",435,337,300
8435990,Набор кубиков с азбукой Малыш,290,281,100
10505019,Умные кубики. Азбука. 65 игр для развития речи,510,408,400
12386466,Кубики пластиковые 6 шт. В ГОСТЯХ У СКАЗКИ,175,140,200
17804906,Кубики,1500,525,1
3983061,"Игровой набор ""Кубики""",1952,1444,900
18588794,Кубик Рубика 3х3 Sail W,550,330,1
17994953,"Кубики игральные ""Позы 18+""",590,171,6
9863130,Кубики пластиковые  9 шт. ТРАНСПОРТ.,203,157,200
18829138,Мягкие кубики,750,429,1
10883117,Кубики строительные ,703,511,70
12276705,"Кубики ""Русские узоры""",485,213,60
17332424,Кубики,4995,2172,1
18952906,Кубики детские/Тактильные мягкие кубики/Развивающие игрушки,2000,1300,0
16278122,Кубик деревянный Minecraft Майнкрафт 4шт,540,340,10
10401522,"Умные кубики  в поддончике (Волшебные феи, Любимчики)",420,336,100
15002544,"Игры для детей. Кубики развивающие для детей ""Играем, изучаем: формы и цвета"", (9 куб)",390,210,30
15970908,"Кубики деревянные цветные Shishka-toys, 16 шт.",990,371,1
4554385,"Кубики, 12 шт",402,225,1200
8255681,"Набор кубиков 6 шт, 6+",689,551,100
10960408,Умные кубики  в поддончике. 12 штук. Кто живёт в разноцветном городке?,275,173,100
11300976,Кубики с картинками Модели автомобилей,405,145,100
15231672,Деревянные игрушки. Цветная радуга Монтессори,2480,1289,1
16010304,Деревянные кубики Сложи узор развивающая игра по методике Никитина 16 кубиков с карточками заданиями,1176,695,40
16821933,"Кубики""Лесные животные""",320,256,20
2404174,Набор из 9-и кубиков,210,157,900
7550648,Набор кубиков ИГРУШКИ,569,216,800
12967134,"Игрушка ""Мякиши"" развивающий кубик (Пандочка Гучи)",702,561,100
9863135,Кубики пластиковые 12 шт. ЛЮБИМЫЕ РУССКИЕ СКАЗКИ.,205,159,300
12149367,"Набор цветных кубиков 4 * 4 см ,16 штук",264,224,50
14039972,"Умные кубики в поддончике (Мы плывём, Мы мчимся)",360,270,40
10800829,Кубики КУБ-10 Квартиры,1404,724,30
17994956,Кубики игральные прозрачные,790,244,6
15705646,"Конструктор деревянный Кубики-Домик в синем рюкзаке, развивающая игрушка, 39 деталей",1890,756,10
10401519,"Умные кубики  в поддончике (Цирк, Весёлые динозаврики)",420,336,100
7889310,"Кубики деревянные на оси ""Счет"" (3 кубика)",260,260,300
10401518,"Умные кубики  в поддончике (Весёлая азбука, Алфавит English)",420,336,200
11800280,Развивающая игрушка Логический куб,435,221,100
15775005,Кубики и дощечки деревянные.,1890,1134,6
19009424,Кубики,550,495,0
12167145,"Кубики ""МАГНИЧЕСКИЕ ""ЖИВОТНЫЕ""",739,517,10
12402972,"Кубики пластмассовые для детей в наборе  ""Кубики ""Азбука"" 8 дет.",280,252,60
18829137,Мягкие кубики,840,480,0
10854780,Кубическая головоломка со встроенным секундомером,1885,565,30
14638578,"Кубик Рубика 3х3 Guanlong, цветной пластик",580,348,10
18121081,Мягкие кубики для малышей Бизикубик Геометрические формы Развивающие кубики детские в подарок 0+,1406,527,1
10505022,Умные кубики. Логика. 60 игр для развития логики,510,408,200
12402973,"Кубики пластмассовые для детей в наборе ""Кубики ""Азбука"" 10 дет.",635,371,90
17994951,Кубики игральные,390,222,6
8798744,"Логическая игра ""Кубик-спиннер""",520,338,100
11300969,Кубики в картинках Герои мультфильмов,360,129,200
18829140,Мягкие кубики,840,480,0
5338343,"Кубики для малышей ""Колобок""",286,286,1200
6146377,Кубики Друзья 4 шт.,1620,1620,100
9715765,Развивающие деревянные  игры Никитина  Кирпичики от Семьи Никитиных,1379,1003,10
10401520,"Умные кубики  в поддончике (Абвгдешка, Раз, два, три, четыре, пять)",420,336,100
15732836,Кубики буковые в пенале 24 шт.,1750,1279,6
17806388,Кубики УЧИМ ЦВЕТА И ФОРМЫ / Развивающая игрушка по методике Монтессори,1100,404,6
18559754,Кубик Рубика 3х3 Macaron,550,330,1
6944581,"Кубики деревянные ""Лесные животные"", набор 4 шт.",310,232,100
12395868,"Кубики деревянные ""Цветные цифры"" 12 шт (Цв.цифры на неокр. кубиках)",320,320,40
19306003,кубик Рубика / игровой кубик / логическая головоломка,510,206,0
18376706,Резиновые кубики /тактильные мячики/ тактильные кубики/игрушки для купания/резиновые игрушки в ванну,2950,1008,1
6146481,"Кубики, Животные, 12 шт.",1883,1883,70
14539123,Магнитный кубик Рубика 4x4 MoYu MFJS MeiLong Magnetic,1400,840,6
18637680,Кубики,588,530,1
14024423,"Кубики деревянные ""Лесные животные"", набор 4 шт.",344,292,30
17922527,"Развивающие игрушки для малышей / Набор детских кубиков, 16 шт",1001,500,1
2881311,Кубики  на палочке Лисенок,310,238,200
10092140," Кубики ""Веселый урожай"" (9 шт.)",170,170,40
18639911,"Набор цветных кубиков, 20 штук, 4 * 4 см",600,234,1
2404170,Набор из 9-и кубиков,210,157,500
10182321,"Кубики деревянные на оси ""Учим формы"" (3 кубика)",260,260,50
14383878,Набор мягки-кубиков Мои любимые сказки с книгой 6 шт 8х8 см,692,382,20
9863139,Кубики пластиковые  12 шт. в коробке. МАТЕМАТИКА В КУБИКАХ .,250,135,50
10182318,"Кубики деревянные на оси ""Составляем цвета"" (3 кубика)",260,215,100
11232834,"Кубики выдувные с картинками ""Математика"" 8 штук",350,271,30
18472097,Магнитная пирамидка MoFangGe MS Pyraminx Magnetic,1200,720,0
18894911,Кубики Цветные 20 элементов,1020,642,0
7722348,"Набор кубиков ""Весёлый алфавит"", 12 штук",325,243,100
8700352,"Кубики деревянные ""Животные Африки""",319,207,40
18639910,"Набор цветных кубиков, 16 штук, 4 * 4 см",500,195,1
10936822,"Кубики ""Счет"" 9 шт",260,260,70
12395864,"Кубики деревянные ""Веселый счет"" 12 шт (Белые знаки на разноцв. кубиках)",395,395,10
19136006,Кубики,2384,715,1
19139729,Кубики,958,715,1
3663092,Кубики-пирамидка Большие Джунгли,3612,3286,100
9863131,Кубики пластиковые  9 шт. АЗБУКА С КАРТИНКАМИ.,203,100,40
14054023,"Набор кубиков ""Весёлый алфавит"", 12 штук",271,271,1
17251935,"Мягкие кубики для малышей, развивающие кубики Miniland",2277,1525,1
12395865,"Кубики деревянные ""Азбука"" 12 шт (Белые буквы на  разноцв. кубиках)",395,395,50
15684748,Развивающие кубики с шариками внутри,1100,616,20
9133704,Набор кубиков. СПОРТ. 16 шт,569,216,100
12097338,"Кубики деревянные ""Азбука"" 9 шт (Белые буквы на разноцв. кубиках)",308,308,100
12504202,"Кубики деревянные ""Фрукты"", набор 4 шт.",428,214,20
4374437,ПРЕДМЕТЫ ОДЕЖДЫ. Нескучный КУБИК для развития интеллекта (2 кубика),319,178,200
10182322,"Кубики ""Елена. Принцесса Авалора"" (без обклейки) 12 шт Дисней",199,199,30
12276721,"Кубики на палочке ""Ёжик""",842,328,50
17228339,"Логическая черепашка + Набор ""Кубики большие"", 12 деталей",2935,1100,1
3997079,"Игровой набор деревянный ""Кубики""",563,365,400
7050134,Кубики,874,410,20
12033062,"Набор кубиков ""ТРАНСПОРТ""",374,183,10
17186860,"Кубики деревянные ""Кубики для умников. Учимся считать"" 12 шт (белые)",395,395,6
18941236,Кубик Камасутра светящийся,190,190,1
9863134,Кубики пластиковые  12 шт. АЗБУКА СО СКАЗКАМИ.,235,159,100
12276719,"Кубики на палочке ""Зайка""",842,328,30
17566743,Кубики пластиковые 6 шт. Я УЧУСЬ СЧИТАТЬ,175,140,1
19129636,Кубики деревянные с животными\ кубики детские 4шт,150,135,0
7722347,"Кубики ""Арифметика"" с оживающей картинкой, 12 элементов",360,180,100
7889309,"Кубики деревянные на оси ""Живая природа"" (3 кубика)",260,260,600
10960411,Умные кубики  в поддончике. 12 штук. Волшебные красавицы,250,174,30
17922526,"Развивающие игрушки для малышей / Набор детских кубиков ""Математика"" 9 шт",1001,500,1
6695309,"Кубики ""Изучаем Алфавит"" с оживающей картинкой, 12 штук",497,167,200
7050135,Кубики,965,675,30
8678825,"Кубики (6 куб) ""Автомобили""№3",476,274,70
16821934,"Кубики ""Обитатели морей""",320,256,6
17025667,"Кубики с картинками ""Зверята""",1350,729,10
12097337,"Кубики деревянные ""Веселый счет"" 9 шт (Белые цифры на разноцв. кубиках)",308,308,70
12276720,"Кубики на палочке ""Мишка""",842,328,6
14356675,"Набор цветных кубиков, ""Смешарики"", 20 штук, 4*4 см",293,293,10
18967976,"Детские деревянные кубики. Животные. Ассоциации №3. Кто что ест, где живет, что говорит?",549,384,0
10960412,Умные кубики  в поддончике. 12 штук. Кто живёт в джунглях?,275,173,70
15970906,"Кубики деревянные цветные Shishka-toys, 9 шт.",760,256,1
17912728,Кубик рубика игрушка головоломка,490,212,1
17914614,"Развивающие игрушки для малышей / Набор детских кубиков, 9 шт",1001,500,1
12504210,"Кубики деревянные ""Любимые сказки"", набор 4 шт.",344,292,20
15775006,Кубики и дощечки деревянные.,1890,1323,1
8120377,"Кубики деревянные ""Учим животных""",344,223,100
10960413,Умные кубики  в поддончике. 12 штук. Разноцветное море,275,173,40
12632490,Кубики пластиковые 12 шт  ЛЮБИМЫЕ СЮЖЕТЫ,235,182,30
17333687,"Кубики, кубики детские ""Математика"" 10 деталей пластмассовый",600,351,1
17402084,Кубики пластиковые 6 шт. ЖИВОТНЫЕ,175,140,1
18199402,Кубики для малышей Развивающие игрушки бизикубик Мишка Мягкие кубики детские 0+ в подарок,2054,770,1
5407689,"Кубики цветные 6 элементов, 6х6х6 см",1031,502,500
10092144," Кубики ""День рождения"" (12 шт.",189,189,20
11300975,Кубики в картинках Красная шапочка,566,190,20
15775011,Магнитные деревянные кубики и дощечки.,3890,2139,1
17891839,"Тактильная игрушка / Развивающий детский кубик / Погремушка для малышей, 9х9х9 см",1001,300,1
17994952,Кубики игральные,390,117,1
7247443,"Игра ""Логический ряд""",484,392,200
12504203,"Кубики деревянные ""Домашние животные"", набор 4 шт.",364,219,20
13369615,"Мягкие кубики ""Морские обитатели"", со свистулькой, Принцессы: Ариель р-р. 7*7см, для купания",275,151,10
2803466,"Кубики-пирамида ""Мои друзья""",2135,2135,800
8700351,"Кубики деревянные ""Транспорт""",344,172,20
12867789,"Набор цветных кубиков, Смешарики, 20 элементов, 25х25 см",376,376,6
13369619,"Мягкие кубики ""Учим овощи-фрукты и морских жителей"", со свистулькой, Дисней р-р. 7*7см, для купания.",386,328,6
9823414,"Кубики ""Дворец принцессы""",539,181,60
9957142,Кубики  КУБ-09 Смешные человечки,1025,529,20
10960416,Умные кубики  в поддончике. 12 штук. Яркое лето,250,174,10
11620950,"Развивающая игра ""Кубики для всех №1 Уголки""",362,217,6
12276703,"Кубики ""Мебель"" 4 шт.",485,213,20
12276704,"Кубики ""Цветы"" 4 шт.",485,213,20
17563944,"Конструктор деревянный Кубики-Домик в синем рюкзаке, развивающая игрушка, 39 деталей",1399,859,6
17891837,"Тактильная игрушка / Развивающий детский кубик / Погремушка для малышей, 9х9х9 см",1001,300,1
2565647,"Кубики-пирамида ""Машины""",2135,2135,300
4374438,ТРИ МЕДВЕДЯ. Нескучный КУБИК для развития интеллекта (2 кубика),319,178,100
7969912,Веселые кубики 16 штук,676,405,90
13369616,"Мягкие кубики ""Цвета"", со свистулькой, Тачки р-р. 7*7см, для купания",275,233,6
15528966,"Кубики ""Построй сам. Азбука"", 9 элементов",530,397,1
15826443,"Кубики ""Домашние животные"", картон, 4 штуки",203,172,10
7889308,"Кубики деревянные на оси ""Обобщение"" (3 кубика)",260,260,100
8554656,"Набор цветных кубиков ""Счёт""",303,257,80
12383086,Мягкая игрушка Кубики,3715,2414,1
15399894,"Кубики Stellar ""Потешные зверушки""",337,117,20
7889307,"Кубики деревянные на оси ""Времена года"" (3 кубика)",260,215,200
10182319,"Кубики деревянные на оси ""Что за чем следует?"" (3 кубика)",260,260,60
12276702,Кубики Посуда 4 шт.,485,213,10
12632488,Кубики пластиковые 6 шт АЗБУКА В КАРТИНКАХ (красная),175,140,1
15109393,"Кубики пластиковые для малышей, 4 шт., пластик, 8х8х4см",300,102,6
16010594,Развивающие мягкие кубики / Мягкий конструктор 10 деталей / Кубики детские мягкие,2200,1023,6
2881314,Кубики на палочке Ежик,310,310,100
11232841,Кубики выдувные с картинками 12 штук. Азбука.,469,356,20
15784097,Кубики Азбука,650,218,1
17891838,"Тактильная игрушка / Развивающий детский кубик / Погремушка для малышей, 9х9х9 см",1001,300,1
7842582,Кубики,660,343,6
8678841,"Кубики детские пластиковые ""Котята"", 4 кубика",379,306,100
9523846,"Игровой набор ""Лес""",2520,2394,40
10401517,"Умные кубики в поддончике (Кто на чём едет, летит, плывёт?)",330,264,200
11300977,Кубики в картинках Модели автомобилей,382,128,100
11717657,Кубики Большая Башня Ферма JUMBO,1290,1290,6
12764602,Кубики пластиковые 6 шт АЗБУКА В КАРТИНКАХ (красная),175,140,20
14284559,"Кубики ""Кот и пес, серия ""Комбинируй и сопоставь""",2067,1405,6
9751194,Развивающая  игрушка Забавные кубики,1583,629,50
10936610,"Кубики ""Буквы"" 9 шт",260,260,70
13029677,Радужные блоки (240х50х155мм),1899,1110,1
5361160,Кубики-чудики 24 шт,3960,2494,100
10960414,Умные кубики  в поддончике. 12 штук. Сказочные котики,250,174,10
11232837,"Кубики выдувные с картинками ""Математика"" 9 штук",375,291,20
12276718,"Кубики на палочке ""Лисенок""",842,328,20
15231671,Детская головоломка. Ролевые деревянные кубики.,1680,739,1
17806389,Кубики УЧИМ ЦВЕТА И ФОРМЫ / Развивающая игрушка по методике Монтессори,1100,404,1
17888272,"Кубики детские игровые развивающие ""Собери домики"" / Игровой набор",490,374,1
17914616,"Развивающие игрушки для малышей / Набор детских кубиков, 12 шт",1001,500,1
4374439,Кубики,319,178,100
6445884,Кубики цветные,502,502,500
7084800,"Кубики строительные ""Радужная Фантазия""",4939,3556,20
8436211,Кубики Азбука 12 шт,430,258,10
9925861,Кубики  КУБ-17 Цифры со шрифтом Брайля,2833,1487,1
10886609,Кубики Арифметика,1218,548,20
11300966,Кубики Математика,690,220,10
11826447,Кубики Занимательная математика,1606,353,1
12276722,"Кубики на палочке ""Профессии""",909,354,60
13749237,Кубики. 50 штук,879,485,20
14158331,Игрушка кубики ABC,3589,1794,1
15121407,"Куб логический ""Elefantino"", 10 функций, 20,5х20,5х20,5 см.",2338,1309,6
15732844,Кубики цветные в пенале 12 шт.,1310,732,1
15826442,"Кубики ""Изучаем Алфавит"" с оживающей картинкой, 12 штук",262,222,6
17994955,Кубики игральные,390,109,1
1894375,Музыкальный кубик,1120,896,200
2495889,"Развивающие кубики ""Веселый алфавит-перевертыш""",1140,912,400
2803465,"Кубики-пирамида ""Забавные кубики""",2135,2135,400
2881315,Кубики  на палочке Профессии,310,310,70
5203924,"Деревянный конструктор ""Шнуровочка""/Шнуровка/Учим цифры/Учимся считать/По методике Монтессори",3296,992,80
5865298,"Кубики ""Замок принца""",2540,1778,20
6063416,Набор кубиков People Blocks,6130,3494,6
6070109,Кубики. дроби,2026,1803,20
6571583,Кубики,1190,1190,100
7050129,Кубики,556,316,100
7050132,Кубики,767,536,6
7050133,Кубики,965,675,10
7842579,Кубики,864,449,6
7898152,"Мягкие кубики ""Предметы-2""",480,432,60
7925026,"Набор  ""Кубики 12шт""",630,409,10
7965689,"Веселые кубики, 9 шт.",513,287,60
8554655,"Набор цветных кубиков ""Алфавит""",277,277,30
8554659,"Набор цветных кубиков ""Сказки""",364,309,30
8554661,"Набор цветных кубиков ""Счёт""",364,309,40
8678843,"Кубики (4 куб) ""Золушка""",402,271,10
8710631,Умные кубики  в поддончике. Сказочные котики,250,175,30
8853139,"Мозаика из кубиков  ""Черепаха""",612,195,1
8853157,"Кубики ""Собери свой домик""",429,109,1
9925859,Кубики  КУБ-18 Космос AR,1456,777,20
9925860,Кубики  КУБ-16 Алфавит со шрифтом Брайля,2833,1437,10
10800828,Кубики КУБ-12 Профессии,1122,599,10
11620951,"Развивающая игра ""Кубики для всех №2 Собирайка""",384,230,10
11717652,"Кубики Башня ""Цирк""",1290,903,1
12033063,"Набор кубиков ""ЧТО ВОКРУГ МЕНЯ"" (""ПРЕДМЕТНЫЙ МИР"")",426,426,20
12167143,"Игра ""Мой первый конструктор""",687,480,40
12167144,"Кубики ""МАГНИЧЕСКИЕ ФРУКТЫ""",670,469,6
12167146,"Кубики ""МАГНИЧЕСКИЕ ЗООПАРК""",622,435,6
12167147,"Кубики ""МАГНИЧЕСКИЕ ПРОФЕССИИ""",622,435,1
12174193,Игрушка механическая Радуга,879,747,0
12224553,"Набор цветных кубиков, 25 штук",1646,1399,0
12276700,"Кубики ""Снежинки"" 4 шт.",485,213,10
12303600,"Кубики ""Сказки""",319,178,1
12395870,"Кубики деревянные ""Счет"" 12 шт (Цв.цифры с эффектом объема на неокр. кубиках)",320,320,10
13246816,"Развивающий игровой набор ""Кубики город""",3300,1848,70
13336130,"Кубики Азбука ""Радуга""",1450,533,1
13369618,"Мягкие кубики ""Овощи и фрукты"", со свистулькой, Минни Маус р-р. 7*7см, для купания",275,233,6
13455680,Магнитная пирамидка MoYu MFJS MeiLong Pyraminx,990,792,0
13455688,Неокуб цветной,2500,1250,6
13664884,"Кубики ""Алфавит""",700,382,0
13768178,"Кубики ""Азбука"" 88 мм, 9 шт,",621,465,10
14383791,Бизикубик развивающий тактильный Котик 20х20 см,2498,999,1
14383800,Мягкие кубики Зверята 4 шт 8х8 см,590,436,6
15732841,Кубики пастельные в пенале 12 шт.,1357,758,1
15734579,"Деревянные кубики ""Первые Звуки""",2950,1469,1
16010595,Развивающие мягкие кубики / Мягкий конструктор 6 деталей / Кубики детские мягкие,1560,549,6
16207527,"Куб развивающий со звуками ""Ферма""",5187,3527,1
17804904,Кубики,1500,285,1
17804907,Кубики,1500,285,0
17804908,Кубики,1500,285,0
17987249,Кубики,2000,500,0
17987250,Кубики,2000,500,0
18091962,Кубики/детские кубики/кубики фрукты,520,374,0
18092071,Кубики/детские кубики/кубики для развития,520,353,0
18092122,Кубики для развития/детские кубики/машинки,550,396,0
18619246,"Магнитные кубики Kribly Boo с рисунками, 6 шт",2541,1168,0
18619247,"Магнитные кубики Kribly Boo с рисунками, 8 шт,",3179,1494,0
18711752,Кубики,998,598,0
18750629,Кубики,500,215,0
18807790,"Набор цветных кубиков, 9 штук 6 х 6 см",356,356,0
18807795,"Набор цветных кубиков, 12 штук, 12 х 12 см",995,995,0
18807844,"Набор цветных кубиков ""Нюша и Ёжик"", 21 элемент, Смешарики",661,661,0
18807845,"Набор цветных кубиков ""Крош и Ёжик"", 21 элемент, Смешарики",529,529,0
18813393,"Набор развивающих кубиков, 6 шт",1076,1076,0
18815426,Развивающие деревянные кубики Никитина  Сложи Узор от Семьи Никитиных в картонной коробке,1679,1679,0
18815427,Комплект Развивающие деревянные кубики Никитина  Сложи Узор с альбомами от Семьи Никитиных,2999,2249,0
18829139,Мягкие кубики,750,429,0
18829141,Кубики,750,429,0
18877839,"Кубики детские игровые развивающие ""Животные"" / Игровой набор",490,388,0
18893337,Игровой набор логические складные кубики для развития детей арт. 3028А,990,990,0
18894904,"Магнитный кубик Рубика 3x3 MoFangGe Thunderclap V3 Magnetic, черный",1500,1125,0
18894906,"Магнитный кубик Рубика 3x3 YJ YuLong V2 Magnetic, черный",1300,975,0
18940990,"Кубики игральные (5 шт) черные / кости для игры ""Покер на костях"" / ""Yahtzee""",499,499,0
18987382,Кубики,1500,975,0
18991929,Кубики,1100,330,0
19010095,Кубики,750,675,0
19058341,Кубики,1590,715,0
19125379,Плашки Яркие,2567,1129,0
19307414,Кубики,2300,1104,0
3587457,Набор Кубиков. Транспорт + Ов,525,255,100
4912491,Деревянные кубики пазл Домашние животные,526,229,200
5840586,"Мягкие кубики ""Малышарики"" (Мультики)",639,383,2400
5840588,"Мягкие кубики ""Малышарики"" (Учим Формы, Цвет и Счет)",639,447,2700
8853150,"Миниконструктор из кубиков для мальчиков ""Самолет""",429,229,10
8949139,Конструктор Семья роботов,774,433,0
14158335,Кубики Лили 9 элементов,2692,1695,10
14346672,Деревянные цветные кубики,504,352,300
14409378,Кубики деревянные Домашние животные 9 шт.,395,248,70
14410351,Кубики деревянные Траснпорт  9 шт.,395,248,80
15187371,"Кубики пазл ""Животные"" 4 элемента",290,203,100
15187554,Домино   Животные,450,283,50
15187557,Кубики цветные прямоугольные 28 деталей,455,288,200
15187559,Конструктор кубики Транспорт 45 деталей,980,656,30
15187560,Конструктор кубики Цветной городок 41 деталь,1075,634,40
15553473,"Кубики ""Алфавит""",1005,623,0
17130451,Кубики большие 12 дет.,1908,715,0
17130457,Кубики 20 кубиков,1175,440,1
17354573,Кубики Зайцева собранные. Пособие + CD + таблица. Методика обучения чтению Н. Зайцева,11490,5745,20
17840641,"Набор кубиков, 88 мм, 20 шт/уп",985,955,0
17840642,"Кубики ""Азбука"" 88 мм, 9 шт",510,494,1
17840643,"Набор кубиков, 88 мм, 12 шт/уп",462,448,0
17840644,"Набор кубиков, 60 мм, 24 шт/уп",504,488,0
17911739,Кубик рубик головоломка кубики ,800,400,100
17933760,Кубик рубик головоломка кубики ,900,900,0
18124784,Кубики Зайцева собранные. Пособие + CD + таблица. Методика обучения чтению Н. Зайцева,10900,5450,10
18602790,Кубики Зайцева собранные. Пособие + CD + таблица. Методика обучения чтению Н. Зайцева,10326,5163,10
18762260,Кубики цветные набор игровой Башня Дженга 54 кубика,650,611,10
18912243,Кубики Умка B1487964-R,1299,633,0
18932813,Головоломка Кубик Рубика,1990,254,10
19019738,Кубики,699,699,0
19019739,Кубики,699,699,0
19019740,Кубики,699,699,0
19067564,"Кубики Азбука со сказками обучающая игра, Развивающие игры, Подарок для ребенка",758,758,0
19067565,"Кубики деревянные на оси Обобщение, Развивающие игрушки, Подарок для ребенка",658,256,0
19268706,Кубики,542,271,0
19296402,Кубики мягкие - Игрушки развивающие - Кубики резиновые - Конструктор - Животные - Игрушки для ванной,1600,864,0
19314914,Кубики цветные набор игровой Башня Классика Дженга 54 кубика,639,575,0
19339022,Набор неоновых кубиков для взрослых/Кубики/Кубики для взрослых/Неоновые кубики,450,450,0
